City_ID,City,Country,Lat,Lng,Max Temp,Humidity,Cloudiness,Wind Speed,Current Description
0,Grand Gaube,MU,-20.0064,57.6608,77.0,79,100,8.99,overcast clouds
1,Hazorasp,UZ,41.3194,61.0742,60.8,31,0,11.5,clear sky
2,Bluff,NZ,-46.6,168.3333,52.0,94,100,20.56,overcast clouds
3,Camaná,PE,-16.6228,-72.7111,67.73,86,69,8.23,broken clouds
4,Ponta do Sol,PT,32.6667,-17.1,60.01,83,69,5.99,broken clouds
5,Tūkrah,LY,32.5341,20.5791,69.01,32,34,24.54,scattered clouds
6,Port Alfred,ZA,-33.5906,26.891,66.38,80,1,20.38,clear sky
7,Punta Arenas,CL,-53.15,-70.9167,46.4,93,90,5.75,mist
8,Cape Town,ZA,-33.9258,18.4232,57.2,94,20,10.36,few clouds
9,Mataura,NZ,-46.1927,168.8643,52.0,94,100,5.46,overcast clouds
10,Acaraú,BR,-2.8856,-40.12,75.92,88,21,5.21,few clouds
11,Barrow,US,71.2906,-156.7887,23.0,80,1,4.61,clear sky
12,Kruisfontein,ZA,-34.0033,24.7314,55.99,95,0,4.0,clear sky
13,Bontang,ID,0.1333,117.5,86.27,66,79,9.73,broken clouds
14,Arraial do Cabo,BR,-22.9661,-42.0278,73.11,77,7,22.03,clear sky
15,Karmāla,IN,18.4167,75.2,92.44,18,95,5.57,overcast clouds
16,Vaini,TO,-21.2,-175.2,82.4,89,40,4.61,light rain
17,Avarua,CK,-21.2078,-159.775,80.6,74,75,17.27,broken clouds
18,Yining,CN,29.0361,114.5636,78.89,61,100,2.3,overcast clouds
19,Malindi,KE,-3.2175,40.1191,78.8,94,75,14.9,broken clouds
20,Puerto Ayora,EC,-0.7393,-90.3518,75.0,95,46,1.01,scattered clouds
21,Bima,ID,-8.4667,118.7167,88.45,54,34,0.29,scattered clouds
22,Imbituba,BR,-28.24,-48.6703,66.2,88,75,4.61,broken clouds
23,Vostok,RU,46.4856,135.8833,62.85,35,100,11.79,overcast clouds
24,Ushuaia,AR,-54.8,-68.3,41.0,81,75,10.36,broken clouds
25,Saint-Philippe,RE,-21.3585,55.7679,78.8,73,20,11.5,light rain
26,Lüderitz,NA,-26.6481,15.1594,64.76,69,17,8.95,few clouds
27,Hermanus,ZA,-34.4187,19.2345,55.0,95,0,3.09,clear sky
28,Mangan,IN,27.5167,88.5333,79.5,29,0,6.02,clear sky
29,Clyde River,CA,70.4692,-68.5914,12.2,85,90,2.3,overcast clouds
30,Sur,OM,22.5667,59.5289,89.73,39,0,0.69,clear sky
31,Santa Maria,BR,-29.6842,-53.8069,59.61,84,70,6.51,broken clouds
32,Talaya,RU,61.3833,152.75,29.98,88,100,5.77,light snow
33,Torbay,CA,47.6666,-52.7314,42.8,100,90,13.8,heavy intensity rain
34,East London,ZA,-33.0153,27.9116,59.0,94,0,4.61,clear sky
35,Lang Son,VN,21.8333,106.7333,84.18,65,100,7.87,overcast clouds
36,Staryy Nadym,RU,65.6118,72.6842,34.47,98,67,18.5,broken clouds
37,Iqaluit,CA,63.7506,-68.5145,21.2,86,90,2.3,light snow
38,Hithadhoo,MV,-0.6,73.0833,83.23,70,90,5.59,overcast clouds
39,Hobart,AU,-42.8794,147.3294,59.0,51,75,16.11,light rain
40,Road Town,VG,18.4167,-64.6167,79.0,89,68,1.99,broken clouds
41,Jamestown,US,42.097,-79.2353,30.2,86,1,13.8,clear sky
42,Hong Kong,HK,22.2855,114.1577,86.0,58,20,10.36,few clouds
43,Busselton,AU,-33.65,115.3333,73.99,58,70,1.01,broken clouds
44,Shama,CN,33.6102,104.2852,61.5,65,100,4.79,overcast clouds
45,Chara,RU,56.9064,118.2631,28.2,66,28,7.4,scattered clouds
46,Tāybād,IR,34.74,60.7756,68.5,10,1,9.19,clear sky
47,Rūdbār,AF,30.15,62.6,77.81,8,0,11.99,clear sky
48,Tasiilaq,GL,65.6145,-37.6368,30.2,55,90,3.44,light snow
49,Nurota,UZ,40.5614,65.6886,64.4,39,90,20.71,overcast clouds
50,Pervomayskoye,RU,43.919,46.7102,52.43,88,100,10.47,overcast clouds
51,Broken Hill,AU,-31.95,141.4333,66.2,39,37,8.05,scattered clouds
52,St Albans,GB,51.75,-0.3333,35.01,93,5,2.3,clear sky
53,Walvis Bay,NA,-22.9575,14.5053,63.0,77,55,3.44,broken clouds
54,Palmer,US,42.1584,-72.3287,37.4,48,1,10.36,clear sky
55,Hurghada,EG,27.2574,33.8129,69.8,23,0,11.5,clear sky
56,Ust-Tsilma,RU,65.441,52.1498,37.83,95,100,8.32,overcast clouds
57,Albany,US,42.6001,-73.9662,37.0,44,8,8.99,clear sky
58,New Norfolk,AU,-42.7826,147.0587,59.0,51,75,16.11,light rain
59,Thompson,CA,55.7435,-97.8558,17.6,62,90,12.66,light snow
60,Khatanga,RU,71.9667,102.5,32.29,95,100,15.57,overcast clouds
61,Bredasdorp,ZA,-34.5322,20.0403,51.8,93,3,4.61,clear sky
62,Qaanaaq,GL,77.484,-69.3632,18.36,91,100,8.57,overcast clouds
63,Buta,CD,2.7858,24.73,69.85,99,100,2.08,overcast clouds
64,Dickinson,US,29.4608,-95.0513,68.0,94,90,11.5,mist
65,Carnarvon,AU,-24.8667,113.6333,78.8,53,99,9.22,overcast clouds
66,Eydhafushi,MV,5.1033,73.0708,83.17,73,33,9.69,scattered clouds
67,Rikitea,PF,-23.1203,-134.9692,78.01,78,100,14.88,light rain
68,Mount Gambier,AU,-37.8333,140.7667,59.0,67,90,10.36,overcast clouds
69,Cabedelo,BR,-6.9811,-34.8339,75.2,94,0,3.44,clear sky
70,Nanortalik,GL,60.1432,-45.2371,34.21,87,42,4.54,scattered clouds
71,Chodavaram,IN,17.8333,82.95,89.6,62,20,9.22,haze
72,Atuona,PF,-9.8,-139.0333,80.08,81,89,21.63,light rain
73,Lebu,CL,-37.6167,-73.65,49.69,77,39,4.09,scattered clouds
74,Faqirwali,PK,29.4663,73.034,88.25,23,1,22.64,clear sky
75,Lorengau,PG,-2.0226,147.2712,85.26,67,95,10.69,moderate rain
76,Dunedin,NZ,-45.8742,170.5036,57.99,66,100,4.27,overcast clouds
77,Booué,GA,-0.0921,11.9385,71.33,98,100,1.05,overcast clouds
78,Acapulco de Juárez,MX,16.8634,-99.8901,79.18,61,96,5.08,overcast clouds
79,Presidencia Roque Sáenz Peña,AR,-26.7852,-60.4388,63.0,98,100,1.01,overcast clouds
80,Khani,GE,41.9563,42.9566,53.6,94,0,4.61,clear sky
81,Kapaa,US,22.0752,-159.319,75.2,78,40,9.22,scattered clouds
82,Biak,ID,-0.9131,122.8766,83.5,68,80,3.91,moderate rain
83,Camacha,PT,33.0833,-16.3333,66.2,72,40,12.66,scattered clouds
84,Kuching,MY,1.55,110.3333,89.6,66,40,3.44,scattered clouds
85,Karratha,AU,-20.7377,116.8463,89.82,18,0,15.7,clear sky
86,Kolosovka,RU,56.4678,73.611,42.89,40,9,12.91,clear sky
87,Abu Dhabi,AE,24.4667,54.3667,78.8,53,0,4.61,clear sky
88,Pīshvā,IR,35.308,51.7267,80.6,31,20,11.5,few clouds
89,Rosetta,EG,31.4044,30.4164,60.8,82,0,4.61,clear sky
90,Dikson,RU,73.5069,80.5464,32.25,97,100,22.03,light snow
91,Kropotkin,RU,45.4375,40.5756,50.9,79,1,6.22,clear sky
92,Tiksi,RU,71.6872,128.8694,19.35,80,100,3.36,overcast clouds
93,Mahébourg,MU,-20.4081,57.7,73.4,94,75,11.5,broken clouds
94,Nouadhibou,MR,20.931,-17.0347,62.6,94,0,13.8,clear sky
95,Sosnovka,RU,56.255,51.2842,44.49,80,94,7.74,overcast clouds
96,Cabo San Lucas,MX,22.8909,-109.9124,72.0,48,100,13.98,overcast clouds
97,Vanimo,PG,-2.6741,141.3028,82.98,79,100,7.09,overcast clouds
98,Strezhevoy,RU,60.7333,77.5889,42.8,39,0,13.42,clear sky
99,Le Port,RE,-20.9373,55.2919,78.8,88,90,16.11,light rain
100,Sesheke,ZM,-17.4759,24.2968,57.79,83,0,3.47,clear sky
101,Yinchuan,CN,38.4681,106.2731,68.18,43,100,9.84,overcast clouds
102,Broome,US,42.2506,-75.833,32.0,74,75,13.8,broken clouds
103,Vangaindrano,MG,-23.35,47.6,72.55,84,11,0.31,light rain
104,Cherskiy,RU,68.75,161.3,17.98,86,95,5.26,overcast clouds
105,Vila Velha,BR,-20.3297,-40.2925,69.8,88,0,4.61,clear sky
106,Grindavik,IS,63.8424,-22.4338,42.8,93,90,23.02,overcast clouds
107,Kulhudhuffushi,MV,6.6221,73.07,83.48,72,31,6.02,scattered clouds
108,Mitsamiouli,KM,-11.3847,43.2844,81.05,78,100,17.45,light rain
109,Qasigiannguit,GL,68.8193,-51.1922,26.6,68,32,5.75,scattered clouds
110,Isla Vista,US,34.4133,-119.861,55.4,76,1,6.91,clear sky
111,Oxbow,CA,49.2333,-102.1676,28.0,79,74,15.01,broken clouds
112,Lashio,MM,22.9333,97.75,97.88,19,1,4.25,clear sky
113,George Town,MY,5.4112,100.3354,87.8,70,20,3.44,few clouds
114,Moscow,RU,55.7522,37.6156,52.0,71,0,8.95,light rain
115,Tuktoyaktuk,CA,69.4541,-133.0374,10.4,79,20,1.97,few clouds
116,Saldanha,ZA,-33.0117,17.9442,57.2,94,0,6.91,clear sky
117,Rocha,UY,-34.4833,-54.3333,62.98,88,100,9.95,overcast clouds
118,Teya,RU,60.3778,92.6267,37.42,70,43,3.2,scattered clouds
119,Naze,JP,28.3667,129.4833,75.2,60,75,23.02,broken clouds
120,Pemberton,CA,50.3164,-122.8027,53.6,66,10,3.44,clear sky
121,Ilulissat,GL,69.2167,-51.1,26.6,68,17,5.75,few clouds
122,Chilca,PE,-12.5211,-76.7372,64.4,88,20,8.05,few clouds
123,Ahipara,NZ,-35.1667,173.1667,64.94,86,89,4.36,overcast clouds
124,Abengourou,CI,6.7297,-3.4964,73.26,98,99,2.62,overcast clouds
125,Khandyga,RU,62.6667,135.6,26.82,71,100,3.98,overcast clouds
126,Xining,CN,36.6167,101.7667,61.83,47,98,9.26,overcast clouds
127,Talnakh,RU,69.4865,88.3972,33.93,98,100,13.31,overcast clouds
128,Havre-St-Pierre,CA,50.2334,-63.5986,33.8,93,75,11.5,broken clouds
129,Whitianga,NZ,-36.8333,175.7,68.0,83,100,1.99,overcast clouds
130,Faanui,PF,-16.4833,-151.75,81.34,71,10,13.33,light rain
131,Marstal,DK,54.8562,10.5173,39.2,87,3,11.5,clear sky
132,Caravelas,BR,-17.7125,-39.2481,72.73,89,78,3.62,broken clouds
133,Pisco,PE,-13.7,-76.2167,66.99,88,1,2.3,clear sky
134,Fonte Boa,BR,-2.4959,-66.2662,73.38,99,100,1.43,overcast clouds
135,Souillac,MU,-20.5167,57.5167,73.4,94,75,11.5,broken clouds
136,Tezu,IN,27.9167,96.1667,93.99,31,4,5.41,clear sky
137,Kaitangata,NZ,-46.2817,169.8464,55.99,74,100,8.01,light rain
138,Yulara,AU,-25.2406,130.9889,77.0,27,0,9.22,clear sky
139,Abu Samrah,SY,35.3029,37.1841,61.45,34,0,2.37,clear sky
140,Nago,JP,26.5881,127.9761,69.8,88,75,29.93,light rain
141,Henties Bay,NA,-22.116,14.2845,63.0,89,34,8.01,scattered clouds
142,Mar del Plata,AR,-38.0023,-57.5575,68.0,94,100,5.75,light rain
143,Lompoc,US,34.6391,-120.4579,51.8,82,31,6.91,scattered clouds
144,Lavrentiya,RU,65.5833,-171.0,30.87,70,99,1.05,overcast clouds
145,Bilma,NE,18.6853,12.9164,83.08,13,13,8.23,few clouds
146,Iquique,CL,-20.2208,-70.1431,68.0,60,40,6.91,scattered clouds
147,Fukuechō,JP,32.6881,128.8419,69.8,52,0,6.91,light rain
148,Salalah,OM,17.0151,54.0924,82.4,69,0,1.14,clear sky
149,Necochea,AR,-38.5473,-58.7368,61.0,98,100,1.99,light rain
150,Soto la Marina,MX,23.7667,-98.2167,75.0,90,78,5.01,broken clouds
151,Thunder Bay,CA,48.4001,-89.3168,34.0,86,1,4.68,clear sky
152,Rabo de Peixe,PT,37.8,-25.5833,57.2,72,40,29.93,scattered clouds
153,Weligama,LK,5.9667,80.4167,85.89,67,25,9.37,scattered clouds
154,Ratnagiri,IN,16.9833,73.3,87.6,51,100,6.31,light rain
155,Boende,CD,-0.2167,20.8667,70.36,93,77,2.62,moderate rain
156,Umm Kaddadah,SD,13.6017,26.6876,80.67,18,72,8.01,broken clouds
157,Butaritari,KI,3.0707,172.7902,83.12,72,75,8.77,broken clouds
158,Pak Phanang,TH,8.3511,100.202,93.99,55,20,3.44,few clouds
159,Villazón,BO,-22.0866,-65.5942,46.42,31,0,1.05,clear sky
160,Akşehir,TR,38.3575,31.4164,53.47,44,10,4.23,clear sky
161,Mazara del Vallo,IT,37.6641,12.588,57.2,94,0,4.61,clear sky
162,Nioro,GM,13.35,-15.75,74.59,42,86,7.7,overcast clouds
163,Burns Lake,CA,54.2331,-125.7533,35.6,55,5,1.7,clear sky
164,Kaa-Khem,RU,51.6833,94.7333,38.82,42,100,1.43,overcast clouds
165,Segezha,RU,63.7415,34.3222,36.84,89,99,10.56,overcast clouds
166,Zyryanka,RU,65.75,150.85,23.63,77,100,13.51,overcast clouds
167,Narsaq,GL,60.9167,-46.05,39.2,48,75,2.3,broken clouds
168,Adrar,MR,20.5022,-10.0711,72.18,14,0,9.98,clear sky
169,Kabardinka,RU,44.6514,37.9428,51.8,76,0,8.95,clear sky
170,Chokurdakh,RU,70.6333,147.9167,9.14,89,62,2.62,broken clouds
171,Erenhot,CN,43.6475,111.9767,68.61,26,1,17.47,clear sky
172,Lakselv,NO,70.0513,24.9718,32.0,64,0,4.16,clear sky
173,Leningradskiy,RU,69.3833,178.4167,31.68,84,92,5.64,overcast clouds
174,Tuatapere,NZ,-46.1333,167.6833,52.0,94,100,2.89,overcast clouds
175,Plettenberg Bay,ZA,-34.0527,23.3716,65.08,74,1,4.88,clear sky
176,Bathsheba,BB,13.2167,-59.5167,78.8,61,40,20.71,scattered clouds
177,Saskylakh,RU,71.9167,114.0833,12.54,89,93,5.59,overcast clouds
178,Ribeira Grande,PT,38.5167,-28.7,57.54,75,21,33.67,few clouds
179,Manoel Urbano,BR,-8.8389,-69.2597,72.16,97,75,2.15,broken clouds
180,Darhan,MN,49.4867,105.9228,31.05,94,100,11.03,light snow
181,Tabou,CI,4.423,-7.3528,79.09,89,99,6.6,overcast clouds
182,Tual,ID,-5.6667,132.75,82.98,74,21,7.38,few clouds
183,Hobyo,SO,5.3505,48.5268,85.53,63,100,9.55,overcast clouds
184,Fernley,US,39.608,-119.2518,60.01,31,40,11.01,scattered clouds
185,Algeciras,ES,36.1333,-5.4505,62.6,88,75,20.71,broken clouds
186,Ayagoz,KZ,47.9714,80.4392,33.57,50,68,17.6,broken clouds
187,Zaykovo,RU,57.5613,62.7568,50.72,51,100,9.37,overcast clouds
188,Sirte,LY,31.2089,16.5887,71.51,29,19,19.04,few clouds
189,Kamaishi,JP,39.2667,141.8833,68.0,22,0,16.11,clear sky
190,Fortuna,US,40.5982,-124.1573,50.0,93,1,5.75,clear sky
191,Beringovskiy,RU,63.05,179.3167,27.66,80,84,8.52,broken clouds
192,Tawao,MY,4.2498,117.8871,87.8,70,20,3.44,few clouds
193,Along,IN,28.1667,94.7667,81.5,61,41,1.52,scattered clouds
194,Ābādān,IR,30.3392,48.3043,80.6,47,100,2.3,haze
195,Hilo,US,19.7297,-155.09,78.8,61,40,8.05,scattered clouds
196,Polovinnoye,RU,54.7914,65.9864,45.73,47,100,13.62,overcast clouds
197,Longyearbyen,SJ,78.2186,15.6401,17.6,62,75,5.75,broken clouds
198,Russell,US,32.3502,-85.1999,51.8,87,1,4.12,clear sky
199,Bethel,US,41.3712,-73.414,39.2,52,75,10.36,broken clouds
200,Flinders,AU,-34.5833,150.8552,72.0,44,1,1.99,clear sky
201,Dvinskoy Bereznik,RU,62.8551,42.7072,44.33,73,56,5.91,broken clouds
202,San Quintín,MX,30.4833,-115.95,57.2,80,7,13.51,clear sky
203,Tabuk,PH,17.4189,121.4443,91.31,43,45,5.21,scattered clouds
204,Maralal,KE,1.0968,36.698,60.55,83,100,2.98,overcast clouds
205,Kozhva,RU,65.1073,57.0459,39.51,90,100,13.73,overcast clouds
206,Hasaki,JP,35.7333,140.8333,66.99,41,20,12.66,few clouds
207,Castro,BR,-24.7911,-50.0119,50.38,96,21,3.36,few clouds
208,Ouadda,CF,8.0777,22.4007,71.69,72,89,5.46,overcast clouds
209,Yellowknife,CA,62.456,-114.3525,14.0,62,90,11.5,light snow
210,Comodoro Rivadavia,AR,-45.8667,-67.5,42.8,87,0,2.3,clear sky
211,Saýat,TM,38.7839,63.8803,60.8,51,13,4.61,few clouds
212,Zhangaözen,KZ,43.3,52.8,63.59,18,100,13.02,overcast clouds
213,Korla,CN,41.7597,86.1469,41.79,58,100,9.42,overcast clouds
214,San Patricio,US,28.017,-97.5169,75.2,88,90,11.5,overcast clouds
215,Qaqortoq,GL,60.7167,-46.0333,39.2,48,75,2.3,broken clouds
216,Makkah al Mukarramah,SA,21.4267,39.8261,87.51,29,18,4.68,few clouds
217,Labuhan,ID,-6.8844,112.2051,85.64,61,13,2.26,few clouds
218,Robertsport,LR,6.7533,-11.3686,76.33,93,100,6.04,heavy intensity rain
219,Kifrī,IQ,34.6959,44.9661,87.58,20,78,7.05,broken clouds
220,Bambous Virieux,MU,-20.3428,57.7575,77.0,94,75,11.5,broken clouds
221,Ixtapa,MX,20.7,-105.2,77.0,78,40,5.75,scattered clouds
222,Hewitt,US,31.4624,-97.1958,62.6,88,90,10.36,overcast clouds
223,Timbiquí,CO,2.7717,-77.6654,75.42,90,68,2.26,light rain
224,Satka,RU,55.0425,59.04,42.13,80,100,5.12,overcast clouds
225,Port Elizabeth,ZA,-33.918,25.5701,64.4,82,0,14.97,clear sky
226,Stubbekøbing,DK,54.8887,12.041,44.01,97,1,12.08,clear sky
227,Douentza,ML,14.9951,-2.9517,82.24,29,41,3.96,scattered clouds
228,Katsuura,JP,35.1333,140.3,66.99,51,75,11.5,broken clouds
229,Ganzhou,CN,28.8184,115.4327,77.81,65,62,5.7,broken clouds
230,Kumul,CN,42.8,93.45,52.54,23,100,9.51,overcast clouds
231,Ilinskaya,RU,45.7219,40.7211,51.4,80,0,6.53,clear sky
232,Shelburne,CA,44.0787,-80.2041,33.01,64,1,10.47,clear sky
233,Samarai,PG,-10.6167,150.6667,83.68,73,68,5.77,broken clouds
234,Oil City,US,41.4339,-79.7064,33.8,60,1,5.75,clear sky
235,Santa Rita,BR,-7.1139,-34.9781,75.2,94,0,3.44,clear sky
236,Punta Alta,AR,-38.8759,-62.0736,61.99,83,74,4.97,broken clouds
237,Dicabisagan,PH,17.0818,122.4157,86.07,60,64,4.09,broken clouds
238,Pochutla,MX,15.7432,-96.4661,82.0,63,8,2.91,clear sky
239,Sandwick,GB,60.0,-1.25,42.8,81,100,9.22,overcast clouds
240,Coquimbo,CL,-29.9533,-71.3436,59.0,82,90,2.3,overcast clouds
241,Griffith,US,41.5284,-87.4237,48.2,46,1,9.22,clear sky
242,Laela,TZ,-8.5667,32.05,60.21,92,56,3.42,broken clouds
243,Bārsi,IN,18.2333,75.7,92.97,24,53,2.35,broken clouds
244,Zaragoza,ES,41.6561,-0.8773,52.0,87,40,3.44,scattered clouds
245,Santa Isabel,BR,-23.3156,-46.2214,59.0,100,75,0.31,broken clouds
246,Gizo Government Station,SB,-8.103,156.8419,83.77,72,100,5.35,light rain
247,Karaman Province,TR,37.0833,33.25,52.47,38,7,3.38,clear sky
248,Sibolga,ID,1.7427,98.7792,83.03,70,100,4.45,overcast clouds
249,Øksfjord,NO,70.2396,22.3479,32.0,69,40,1.14,light snow
250,Upernavik,GL,72.7868,-56.1549,13.35,86,100,3.65,overcast clouds
251,Omboué,GA,-1.5746,9.2618,73.58,92,100,7.18,overcast clouds
252,Sterling,US,39.0062,-77.4286,44.6,45,20,5.75,few clouds
253,Cidreira,BR,-30.1811,-50.2056,69.51,74,10,17.2,clear sky
254,Suntar,RU,62.1444,117.6319,35.38,63,84,15.73,light snow
255,Curaçá,BR,-8.9903,-39.9094,72.77,88,60,4.9,broken clouds
256,Fort Nelson,CA,58.8053,-122.7002,35.6,30,20,4.61,few clouds
257,Vice,PE,-5.4167,-80.7833,71.82,70,50,16.15,scattered clouds
258,Emerald,AU,-23.5333,148.1667,78.01,33,90,10.36,overcast clouds
259,Lagoa,PT,39.05,-27.9833,56.62,80,8,38.65,clear sky
260,Perth,AU,-31.9333,115.8333,82.99,36,0,6.91,clear sky
261,Cedar Rapids,US,42.0083,-91.6441,48.0,46,1,9.22,clear sky
262,Kelvington,CA,52.1667,-103.5343,26.6,59,61,4.61,broken clouds
263,Sobolevo,RU,54.4299,31.8996,42.98,80,100,9.08,light rain
264,Mount Darwin,ZW,-16.7725,31.5838,59.16,88,0,1.72,clear sky
265,Wanaka,NZ,-44.7,169.15,59.0,60,81,1.99,light rain
266,Thap Than,TH,15.4606,99.8917,98.01,60,93,4.27,overcast clouds
267,Verkhoyansk,RU,67.5447,133.385,19.47,64,92,3.11,overcast clouds
268,Brae,GB,60.3964,-1.353,42.8,81,100,9.22,overcast clouds
269,Hamilton,US,39.1834,-84.5333,37.99,80,1,4.25,clear sky
270,Chingirlau,KZ,51.095,54.0814,49.01,67,100,13.91,light rain
271,Polyarny,RU,69.1989,33.4478,33.8,86,75,4.47,broken clouds
272,Japura,ID,-0.3167,102.35,88.25,57,92,4.32,light rain
273,Weihe,CN,32.9952,105.3247,58.89,92,100,2.51,overcast clouds
274,Puerto El Triunfo,SV,13.2833,-88.55,77.0,100,20,1.14,few clouds
275,Guayatá,CO,4.9642,-73.4875,62.74,92,95,1.7,overcast clouds
276,Petropavlovsk-Kamchatskiy,RU,53.0452,158.6483,46.4,66,65,13.42,broken clouds
277,Jalu,LY,29.0331,21.5482,67.96,24,9,13.69,clear sky
278,Noyabrsk,RU,63.1994,75.4507,33.1,90,89,19.53,overcast clouds
279,Kishtwār,IN,33.3167,75.7667,51.87,67,100,2.19,overcast clouds
280,Leh,IN,34.1667,77.5833,30.09,58,97,4.83,overcast clouds
281,Balkanabat,TM,39.5108,54.3671,74.44,26,94,10.74,overcast clouds
282,Saint George,US,37.1041,-113.5841,62.6,17,1,4.61,clear sky
283,Bengkulu,ID,-3.8004,102.2655,83.55,63,54,6.2,broken clouds
284,Port-Gentil,GA,-0.7193,8.7815,76.82,83,89,13.0,overcast clouds
285,Kirensk,RU,57.7853,108.1119,38.59,63,51,9.69,broken clouds
286,Pitimbu,BR,-7.4706,-34.8086,75.2,94,0,3.44,clear sky
287,Kang,BW,-23.6752,22.7876,56.73,44,35,5.7,scattered clouds
288,Chui,UY,-33.6971,-53.4616,65.08,81,99,10.49,overcast clouds
289,Berbera,SO,10.4396,45.0143,84.02,73,95,1.7,overcast clouds
290,Los Llanos de Aridane,ES,28.6585,-17.9182,64.4,82,0,5.75,clear sky
291,Kampot,KH,10.6167,104.1833,84.2,74,40,2.3,scattered clouds
292,Voyvozh,RU,62.892,54.9635,39.54,84,100,9.28,overcast clouds
293,Viedma,AR,-40.8135,-62.9967,58.62,66,64,6.93,broken clouds
294,Waipawa,NZ,-41.4122,175.5153,62.6,77,75,19.57,broken clouds
295,Atar,MR,20.5169,-13.0499,73.29,15,0,7.81,clear sky
296,Turukhansk,RU,65.8167,87.9833,32.25,99,65,13.58,broken clouds
297,Katangli,RU,51.7102,143.2326,45.54,80,59,10.25,broken clouds
298,Camocim,BR,-2.9022,-40.8411,75.33,91,72,4.97,broken clouds
299,Stykkisholmur,IS,65.0757,-22.7297,40.21,93,100,8.39,light rain
300,Dongying,CN,37.4564,118.4856,56.91,79,100,12.73,overcast clouds
301,Skellefteå,SE,64.7507,20.9528,34.0,74,75,19.57,broken clouds
302,Nouakchott,MR,18.0858,-15.9785,66.2,88,40,14.97,scattered clouds
303,Zhuhai,CN,22.2769,113.5678,97.0,78,20,10.36,few clouds
304,La Ronge,CA,55.1001,-105.2842,19.4,53,46,2.3,scattered clouds
305,Avera,US,33.194,-82.5271,42.8,81,1,2.01,clear sky
306,Celestún,MX,20.8667,-90.4,80.24,71,72,14.97,broken clouds
307,Hyères,FR,43.1167,6.1167,53.6,71,0,6.91,clear sky
308,Laguna,US,38.421,-121.4238,53.01,76,1,11.5,clear sky
309,Oriximiná,BR,-1.7656,-55.8661,73.94,94,82,2.89,heavy intensity rain
310,Shevchenkove,UA,49.6959,37.1735,48.2,87,0,6.71,clear sky
311,Yangi Marg`ilon,UZ,40.4272,71.7189,62.6,36,21,4.61,few clouds
312,Isangel,VU,-19.55,169.2667,86.0,74,40,8.23,scattered clouds
313,Marfino,RU,55.7028,37.3822,51.01,76,0,6.71,clear sky
314,Champasak,LA,14.75,106.0,89.6,62,40,6.91,scattered clouds
315,Port Macquarie,AU,-31.4333,152.9167,72.0,41,0,1.01,clear sky
316,Alice Springs,AU,-23.7,133.8833,73.99,28,0,13.8,clear sky
317,Prince Rupert,CA,54.3161,-130.3201,50.0,37,75,3.44,broken clouds
318,Pangoa,PE,-12.1167,-73.0,68.25,98,68,1.92,broken clouds
319,Derzhavīnsk,KZ,51.1,66.3167,44.53,36,99,16.67,overcast clouds
320,Pulandian,CN,39.3953,121.9669,55.4,82,75,20.13,light rain
321,Ust-Kuyga,RU,70.0167,135.6,18.9,78,27,3.98,scattered clouds
322,Sonneberg,DE,50.35,11.1667,30.0,78,7,1.79,clear sky
323,Badarwās,IN,24.9667,77.5667,95.07,11,0,7.81,clear sky
324,Carutapera,BR,-1.195,-46.02,74.66,94,100,2.59,overcast clouds
325,Ponta Delgada,PT,37.7333,-25.6667,57.2,72,40,29.93,scattered clouds
326,Mordovo,RU,52.0834,40.77,53.92,67,86,9.22,overcast clouds
327,Borodino,RU,55.9106,94.8983,40.42,43,2,15.73,clear sky
328,Kudat,MY,6.8837,116.8477,89.6,55,20,12.66,few clouds
329,Kavieng,PG,-2.5744,150.7967,82.26,76,92,6.35,light rain
330,Alberton,CA,46.8168,-64.0654,33.8,69,100,28.77,overcast clouds
331,São Filipe,CV,14.8961,-24.4956,71.19,74,41,13.85,scattered clouds
332,Te Anau,NZ,-45.4167,167.7167,48.74,95,100,4.18,moderate rain
333,Port Blair,IN,11.6667,92.75,86.72,56,98,4.88,overcast clouds
334,Iseyin,NG,7.9667,3.6,75.25,88,74,4.7,broken clouds
335,Palu,ID,-0.8917,119.8707,91.83,53,71,5.17,broken clouds
336,Port Hardy,CA,50.6996,-127.4199,53.6,40,75,8.05,broken clouds
337,Vallenar,CL,-28.5708,-70.7581,56.19,87,14,1.9,few clouds
338,Borogontsy,RU,62.6683,131.1683,30.07,68,96,6.33,overcast clouds
339,Katete,UG,-0.7818,29.7544,63.36,77,82,1.01,broken clouds
340,Asău,RO,46.4333,26.4,45.0,57,73,1.28,broken clouds
341,Itaituba,BR,-4.2761,-55.9836,72.37,99,77,0.92,broken clouds
342,Porto-Novo,BJ,6.4965,2.6036,80.6,94,75,5.75,light rain
343,Djibouti,DJ,11.5,42.5,84.2,74,20,6.91,haze
344,Hirara,JP,24.8,125.2833,75.2,83,75,19.57,broken clouds
345,Parrita,CR,9.5201,-84.3225,69.8,78,0,8.05,clear sky
346,Boden,SE,65.8252,21.6886,32.0,86,75,17.27,light snow
347,Kurumkan,RU,54.3,110.3,41.02,26,19,2.91,few clouds
348,Kahului,US,20.8947,-156.47,78.8,61,20,17.27,few clouds
349,Saint Paul Harbor,US,57.79,-152.4072,42.8,87,90,10.36,light rain
350,Kaduqli,SD,11.0167,29.7167,83.39,48,72,3.71,broken clouds
351,Edgewater,US,28.9889,-80.9023,63.0,77,1,9.22,clear sky
352,Rāth,IN,25.5833,79.5667,97.95,13,1,12.46,clear sky
353,Puerto Escondido,MX,15.85,-97.0667,81.34,69,33,6.93,scattered clouds
354,Māndal,IN,25.45,74.5667,96.82,11,0,11.43,clear sky
355,Yenagoa,NG,4.9247,6.2642,78.37,91,100,0.74,overcast clouds
356,Husavik,IS,66.0449,-17.3389,37.4,93,0,6.8,clear sky
357,Severo-Kuril'sk,RU,50.6789,156.125,35.4,90,84,2.35,broken clouds
358,Fare,PF,-16.7,-151.0167,80.65,73,5,12.77,light rain
359,Charters Towers,AU,-20.1,146.2667,66.25,92,100,10.38,overcast clouds
360,Amboise,FR,47.4125,0.9827,42.8,65,0,10.36,clear sky
361,Rock Sound,BS,24.9,-76.2,77.83,76,24,3.53,few clouds
362,Lamar,US,33.6668,-95.5836,55.99,62,90,10.36,overcast clouds
363,Smolenka,RU,52.1352,113.4974,41.0,15,100,11.18,overcast clouds
364,Baruun-Urt,MN,46.6806,113.2792,55.13,30,32,18.7,scattered clouds
365,Nilanga,IN,18.1,76.7667,91.65,31,14,6.35,few clouds
366,Praia,CV,14.9215,-23.5087,68.0,77,0,9.22,clear sky
367,Bonavista,CA,48.6499,-53.1147,42.8,93,100,5.75,light rain
368,Konosha,RU,60.9736,40.257,44.94,82,44,8.72,scattered clouds
369,Fairmont,US,39.4851,-80.1426,42.8,56,75,6.91,broken clouds
370,Touros,BR,-5.1989,-35.4608,75.2,94,40,3.44,light rain
371,Plattsburgh,US,44.6995,-73.4529,39.99,38,1,9.22,clear sky
372,Islamkot,PK,24.6997,70.177,94.66,30,0,19.89,clear sky
373,Jaqué,PA,7.5175,-78.1703,77.97,87,17,3.18,few clouds
374,Tazovsky,RU,67.4667,78.7,33.28,84,86,19.08,overcast clouds
375,Shelopugino,RU,51.6514,117.5599,42.03,20,79,9.78,broken clouds
376,Mongar,BT,27.2747,91.2396,74.5,35,4,7.43,clear sky
377,Inhambane,MZ,-23.865,35.3833,66.2,94,20,2.53,mist
378,Sept-Îles,CA,50.2001,-66.3821,37.4,100,90,11.5,overcast clouds
379,Pevek,RU,69.7008,170.3133,26.6,84,62,1.36,broken clouds
380,Lebanon,US,36.2081,-86.2911,41.0,81,40,4.63,scattered clouds
381,Miranda,CO,3.2499,-76.2281,69.8,88,20,5.75,few clouds
382,Wanning,CN,18.8003,110.3967,85.78,64,3,11.41,clear sky
383,Namwala,ZM,-15.7504,26.4384,57.18,93,0,3.96,clear sky
384,Opuwo,NA,-18.0607,13.84,65.5,40,27,8.25,scattered clouds
385,Bairnsdale,AU,-37.8333,147.6167,64.99,49,75,3.0,broken clouds
386,Cambuí,BR,-22.6122,-46.0575,55.99,88,28,3.83,scattered clouds
387,Ostrovnoy,RU,68.0531,39.5131,34.9,96,97,12.68,overcast clouds
388,Bairiki Village,KI,1.3292,172.9752,78.8,94,75,4.61,broken clouds
389,Alta Floresta,BR,-9.8756,-56.0861,69.37,97,25,2.17,scattered clouds
390,Sorong,ID,-0.8833,131.25,83.08,76,73,3.87,broken clouds
391,Varkaus,FI,62.3153,27.873,37.4,93,90,2.3,moderate rain
392,Waingapu,ID,-9.6567,120.2641,84.25,64,8,5.99,clear sky
393,Cañon City,US,38.441,-105.2424,50.0,61,75,8.05,broken clouds
394,Grand Island,US,40.925,-98.342,45.0,53,1,17.27,clear sky
395,Sitka,US,57.0531,-135.33,48.2,53,1,4.61,clear sky
396,Meulaboh,ID,4.1363,96.1285,85.3,65,98,4.54,overcast clouds
397,Yala,TH,6.3333,101.25,91.4,58,20,6.91,few clouds
398,Rincon,US,32.296,-81.2354,46.4,81,1,2.51,clear sky
399,Hofn,IS,64.2539,-15.2082,37.94,77,96,1.92,overcast clouds
400,Gualaceo,EC,-2.9,-78.7833,57.2,94,100,2.3,overcast clouds
401,Båtsfjord,NO,70.6345,29.7185,33.8,80,75,6.91,broken clouds
402,Newport,GB,51.5877,-2.9984,39.0,72,0,10.31,clear sky
403,Oodweyne,SO,9.4092,45.064,69.55,69,98,10.94,overcast clouds
404,Mayumba,GA,-3.432,10.6554,75.02,88,100,4.7,light rain
405,Bacolod City,PH,10.6667,122.95,87.76,61,84,16.78,broken clouds
406,Chillicothe,US,39.3331,-82.9824,35.01,93,1,4.88,clear sky
407,Yelizovo,RU,53.1873,158.3805,46.4,66,86,13.42,overcast clouds
408,Arkhangelsk,RU,64.5401,40.5433,39.2,87,75,2.24,broken clouds
409,Nikolskoye,RU,59.7035,30.7861,42.01,87,0,8.95,clear sky
410,Humaitá,BR,-7.5061,-63.0208,74.93,93,94,2.24,overcast clouds
411,Klaksvík,FO,62.2266,-6.589,41.0,93,90,5.75,overcast clouds
412,Taoudenni,ML,22.6783,-3.9836,82.58,10,0,9.19,clear sky
413,Mumbwa,ZM,-14.9783,27.0619,58.39,90,0,4.43,clear sky
414,Diffa,NE,13.3154,12.6113,82.92,12,3,6.51,clear sky
415,Nsanje,MW,-16.92,35.262,67.44,84,0,2.13,clear sky
416,Goderich,CA,43.7501,-81.7165,33.8,69,0,5.75,clear sky
417,Raudeberg,NO,61.9875,5.1352,35.01,92,95,11.92,overcast clouds
418,Mahibadhoo,MV,3.7833,72.9667,83.1,73,91,9.57,overcast clouds
419,Yanam,IN,16.7333,82.2167,94.68,46,81,6.6,broken clouds
420,Soyo,AO,-6.1349,12.3689,77.32,89,100,5.08,moderate rain
421,Fairbanks,US,64.8378,-147.7164,53.6,30,1,9.22,clear sky
422,Curanilahue,CL,-37.4667,-73.35,45.48,80,49,3.11,scattered clouds
423,San Giuseppe Jato,IT,37.9734,13.1881,59.0,94,40,14.97,scattered clouds
424,Río Gallegos,AR,-51.6226,-69.2181,44.6,93,75,4.88,broken clouds
425,Vila Franca do Campo,PT,37.7167,-25.4333,57.2,72,40,29.93,scattered clouds
426,Tongliao,CN,43.6125,122.2653,51.53,88,100,6.64,overcast clouds
427,Eyl,SO,7.9803,49.8164,84.7,64,42,6.46,scattered clouds
428,San Cristobal,VE,7.7669,-72.225,69.12,63,9,0.63,clear sky
429,Puerto Colombia,CO,10.9878,-74.9547,80.6,78,0,16.11,clear sky
430,Consuegra,ES,39.4625,-3.608,46.0,95,21,8.16,few clouds
431,Uetze,DE,52.4651,10.2047,41.0,81,75,6.91,broken clouds
432,Tura,IN,25.5198,90.2201,90.88,22,0,7.7,clear sky
433,Puerto Nariño,CO,-3.7703,-70.3831,77.0,100,0,2.3,clear sky
434,La Santisima Trinidad,BO,-14.8333,-64.9,73.31,92,60,3.51,broken clouds
435,Douglas,US,41.3,-96.167,51.8,40,90,11.5,overcast clouds
436,Pozzallo,IT,36.7305,14.8499,57.2,77,40,6.91,scattered clouds
437,Poum,NC,-20.2333,164.0167,79.47,77,100,7.34,overcast clouds
438,Kovdor,RU,67.5662,30.4758,30.6,87,98,7.0,overcast clouds
439,Departamento de Maldonado,UY,-34.6667,-54.9167,66.2,82,0,16.11,clear sky
440,Kilembe,UG,0.2,30.0,62.35,85,99,2.82,overcast clouds
441,Winslow,US,35.0242,-110.6974,55.4,38,90,20.71,overcast clouds
442,Egvekinot,RU,66.3167,-179.1667,27.5,78,52,2.04,broken clouds
443,Guerrero Negro,MX,27.9769,-114.0611,59.05,74,0,15.93,clear sky
444,Hammerfest,NO,70.6634,23.6821,32.0,80,75,6.91,light snow
445,Sørland,NO,67.667,12.6934,33.8,75,75,9.22,broken clouds
446,Tessalit,ML,20.1986,1.0114,79.11,9,0,6.89,clear sky
447,Geraldton,AU,-28.7667,114.6,87.8,15,100,3.44,overcast clouds
448,Mercedes,AR,-34.6515,-59.4307,64.99,96,100,3.0,overcast clouds
449,Galveston,US,29.3669,-94.9669,70.0,83,90,18.41,overcast clouds
450,Sabang,ID,5.8933,95.3214,83.73,72,97,16.51,overcast clouds
451,Naxos,GR,37.1056,25.3764,61.0,47,86,3.44,overcast clouds
452,Rio Grande,BR,-32.035,-52.0986,62.01,92,9,14.99,clear sky
453,Chipinge,ZW,-20.1883,32.6236,58.32,81,1,1.79,clear sky
454,Norman Wells,CA,65.282,-126.8329,26.6,54,75,5.75,broken clouds
455,Kenai,US,60.5544,-151.2583,44.6,56,90,3.44,overcast clouds
456,Port Hedland,AU,-20.3167,118.5667,93.2,13,0,16.11,clear sky
457,Slave Lake,CA,55.2834,-114.769,26.6,54,40,3.44,scattered clouds
458,Bubaque,GW,11.2833,-15.8333,77.74,68,37,11.68,scattered clouds
459,Provideniya,RU,64.3833,-173.3,39.2,56,0,11.18,clear sky
460,North Bend,US,43.4065,-124.2243,50.0,87,90,4.61,overcast clouds
461,Esperance,AU,-33.8667,121.9,69.8,49,40,8.05,scattered clouds
462,Najrān,SA,17.4924,44.1277,69.8,17,0,4.61,clear sky
463,Cam Ranh,VN,11.9214,109.1591,87.8,62,20,8.05,few clouds
464,Staunton,US,38.1496,-79.0717,37.4,65,1,5.75,clear sky
465,Shitanjing,CN,39.2342,106.3439,66.02,37,92,19.51,overcast clouds
466,Batemans Bay,AU,-35.7167,150.1833,68.0,50,4,1.99,clear sky
467,Laas,IT,46.6166,10.7002,42.01,87,0,6.91,clear sky
468,Cradock,ZA,-32.1642,25.6192,56.73,66,22,2.91,few clouds
469,Shelomi,IL,33.0747,35.1461,64.4,72,20,3.44,few clouds
470,Mackay,AU,-21.15,149.2,68.0,94,90,9.22,overcast clouds
471,Belle Fourche,US,44.6714,-103.8522,39.99,55,1,6.91,clear sky
472,Corralillo,CU,22.9819,-80.5856,76.26,81,12,9.22,few clouds
473,Pangnirtung,CA,66.1451,-65.7125,23.25,79,92,5.19,overcast clouds
474,Puro,PH,12.4841,123.3827,85.44,68,100,13.18,overcast clouds
475,Hambantota,LK,6.1241,81.1185,87.8,74,20,11.5,few clouds
476,Sakaiminato,JP,35.55,133.2333,64.4,67,75,16.11,broken clouds
477,Sayyan,YE,15.1718,44.3244,63.88,30,0,3.0,clear sky
478,Doka,SD,13.5167,35.7667,87.06,36,72,8.1,broken clouds
479,Paungde,MM,18.4833,95.5,99.82,32,31,7.63,scattered clouds
480,Tautira,PF,-17.7333,-149.15,82.4,69,20,4.61,light rain
481,Komono,JP,35.0,136.5167,70.0,59,75,20.71,broken clouds
482,Arrondissement de Mende,FR,44.6667,3.5,34.23,94,0,3.76,clear sky
483,Sorokino,RU,53.75,84.9167,40.86,48,9,14.99,clear sky
484,Jiuquan,CN,39.7432,98.5174,50.45,23,100,19.53,light rain
485,Dolores,AR,-36.3132,-57.6792,64.47,90,86,8.81,overcast clouds
486,Khatassy,RU,61.9036,129.6383,33.8,37,0,8.95,light snow
487,Mayo,US,38.8876,-76.5119,42.8,52,40,9.26,scattered clouds
488,Alofi,NU,-19.0595,-169.9187,81.09,76,66,14.76,broken clouds
489,Raasiku,EE,59.3664,25.1831,39.0,87,90,5.75,overcast clouds
490,Tonantins,BR,-2.8731,-67.8022,72.84,99,100,2.68,overcast clouds
491,Jefferson City,US,38.5767,-92.1735,51.8,50,90,4.61,overcast clouds
492,Irondequoit,US,43.2134,-77.5797,37.0,60,1,9.22,clear sky
493,Basoko,CD,1.2391,23.616,71.28,96,100,3.76,overcast clouds
494,Lithgow,AU,-33.4833,150.15,57.99,95,0,8.19,clear sky
495,Caldelas,PT,41.671,-8.3815,57.99,77,100,4.94,overcast clouds
496,Frankfort,ZA,-27.2667,28.4833,51.62,73,71,5.64,light rain
497,Taraz,KZ,42.9,71.3667,50.0,62,20,11.18,few clouds
498,Portland,US,45.5234,-122.6762,54.0,58,8,1.19,clear sky
499,Bandarbeyla,SO,9.4942,50.8122,83.86,69,93,8.01,overcast clouds
500,Hervey Bay,AU,-25.2986,152.8535,75.0,43,80,5.01,broken clouds
501,Mount Isa,AU,-20.7333,139.5,84.2,16,8,10.36,clear sky
502,Arrondissement de Limoges,FR,45.75,1.3333,48.2,66,0,5.75,clear sky
503,Arboletes,CO,8.8505,-76.4269,80.55,83,59,9.04,broken clouds
504,Dalvik,IS,65.9702,-18.5286,37.4,93,0,4.43,clear sky
505,Uray,RU,60.1247,64.7758,46.45,72,100,8.41,light rain
506,Lata,PT,40.1629,-8.3327,57.0,89,100,5.79,overcast clouds
507,Cabudare,VE,10.0289,-69.0894,62.6,100,19,8.05,few clouds
508,Durango,MX,24.8333,-104.8333,58.96,22,100,7.92,overcast clouds
509,Lumberton,US,34.6182,-79.0086,42.8,75,1,4.61,clear sky
510,Santa Isabel Rio Negro,BR,-0.4139,-65.0192,73.8,98,100,1.48,overcast clouds
511,Abramovka,RU,51.1886,41.0202,52.41,71,88,6.82,overcast clouds
512,Nemuro,JP,43.3236,145.575,46.4,61,20,10.36,few clouds
513,Margate,GB,51.3813,1.3862,43.0,82,3,1.01,clear sky
514,Hualmay,PE,-11.0964,-77.6139,67.39,86,1,7.31,clear sky
515,Mūlki,IN,13.1,74.8,77.0,88,75,8.05,broken clouds
516,San Joaquin,US,37.9333,-121.3011,55.0,76,1,16.11,clear sky
517,Ola,RU,59.5833,151.2833,32.88,92,100,16.73,snow
518,Khilchipur,IN,24.0333,76.5667,95.63,13,6,8.08,clear sky
519,Dongsheng,CN,39.8161,109.9776,66.45,29,95,20.83,overcast clouds
520,Makakilo City,US,21.3469,-158.0858,80.6,50,1,8.05,clear sky
521,Jiazi,CN,22.8779,116.067,81.14,68,45,13.13,scattered clouds
522,Itarema,BR,-2.9248,-39.9167,75.15,91,27,5.17,scattered clouds
523,Udalguri,IN,26.7667,92.1333,90.27,33,2,5.93,clear sky
524,Christchurch,NZ,-43.5333,172.6333,66.0,52,77,2.3,broken clouds
525,Safi,MA,32.2994,-9.2372,60.89,81,77,6.64,broken clouds
526,Jumilla,ES,38.4792,-1.325,50.0,90,69,6.69,broken clouds
527,Buala,SB,-8.145,159.5921,84.36,70,98,5.59,overcast clouds
528,Abonnema,NG,4.7084,6.7931,78.33,89,99,2.21,moderate rain
529,Vestmannaeyjar,IS,63.4427,-20.2734,44.01,86,100,23.82,overcast clouds
530,Canby,US,45.2629,-122.6926,53.01,58,75,8.05,broken clouds
531,Española,US,35.9911,-106.0806,50.0,13,1,11.5,clear sky
532,Talcahuano,CL,-36.7167,-73.1167,48.2,100,0,5.68,clear sky
533,Aklavik,CA,68.2191,-135.0107,21.2,53,89,5.75,overcast clouds
534,Oranjemund,NA,-28.55,16.4333,59.7,84,0,6.35,clear sky
535,Constitución,CL,-35.3333,-72.4167,53.37,83,34,6.42,scattered clouds
536,Palmas,BR,-10.2128,-48.3603,73.4,100,40,2.3,scattered clouds
537,Sambava,MG,-14.2667,50.1667,76.64,89,92,9.35,moderate rain
538,Owosso,US,42.9978,-84.1766,35.6,51,1,3.44,clear sky
539,Ivanteyevka,RU,55.9711,37.9208,51.01,71,0,8.95,light rain
540,Leer,SS,8.3018,30.1418,79.95,66,97,4.63,overcast clouds
541,Saint Anthony,US,45.0205,-93.218,53.6,32,1,8.05,clear sky
542,Cruzeiro do Oeste,BR,-23.785,-53.0733,61.54,69,76,7.45,broken clouds
543,Jamkhandi,IN,16.5167,75.3,89.01,35,76,6.71,broken clouds
544,Qurayyat,SA,31.3318,37.3428,59.0,31,40,16.11,scattered clouds
545,Marsá Maţrūḩ,EG,31.3525,27.2453,55.4,82,40,3.44,scattered clouds
546,Karabanovo,RU,56.3167,38.7,47.88,82,29,10.09,scattered clouds
547,Ørnes,NO,66.8689,13.7078,37.4,56,40,4.61,light snow
548,Mossamedes,AO,-15.1961,12.1522,79.93,76,47,1.25,scattered clouds
549,Paranaíba,BR,-19.6772,-51.1908,62.17,56,0,5.55,clear sky
550,Beyneu,KZ,45.3167,55.2,65.12,17,99,24.14,overcast clouds
551,Gravdal,NO,68.1214,13.5031,33.8,75,75,9.22,light snow
552,Nové Strašecí,CZ,50.1527,13.9004,37.0,62,14,3.0,few clouds
553,Caranavi,BO,-15.8167,-67.55,62.73,98,65,2.44,broken clouds
554,Barra de Tecoanapa,MX,16.5167,-98.75,80.37,68,100,4.18,overcast clouds
555,Turochak,RU,52.2576,87.1224,34.61,83,100,6.64,light snow
556,Nyurba,RU,63.2842,118.3319,31.73,79,85,13.69,light snow
557,Porto de Moz,BR,-1.7483,-52.2383,71.49,98,100,1.83,light rain
558,Eidsvåg,NO,62.7767,8.0668,33.8,86,75,5.75,light snow
559,Almeirim,BR,-1.5233,-52.5817,72.75,97,100,2.68,overcast clouds
560,Tarko-Sale,RU,64.9225,77.785,32.99,90,72,21.03,broken clouds
561,Bon Accord,CA,53.8335,-113.4187,27.0,46,1,5.75,clear sky
562,Qūchān,IR,37.106,58.5095,69.15,29,48,1.19,scattered clouds
563,Helong,CN,42.5397,128.9972,63.05,42,100,4.45,overcast clouds
564,Port Hueneme,US,34.1478,-119.1951,54.0,82,20,10.36,few clouds
565,Manzhouli,CN,49.6,117.4333,50.45,27,84,13.91,broken clouds
566,Marion,US,39.7684,-86.1555,42.01,56,1,9.22,clear sky
567,Ürümqi,CN,43.801,87.6005,41.0,38,0,11.18,clear sky
568,Yaan,NG,7.3833,8.5667,79.0,81,99,6.67,overcast clouds
569,Qui Nhon,VN,13.7667,109.2333,85.64,67,40,12.08,scattered clouds
570,Brownsville,US,25.9018,-97.4975,75.2,83,90,12.66,overcast clouds
571,Arcata,US,40.8665,-124.0828,50.0,93,1,6.91,mist
572,Sarandi,BR,-23.4436,-51.8739,59.5,73,7,7.54,clear sky
573,High Level,CA,58.5169,-117.136,26.6,59,20,4.61,few clouds
574,Tromsø,NO,69.6496,18.957,32.0,93,75,6.91,snow
575,Pangody,RU,65.85,74.4859,33.8,91,51,19.48,broken clouds
576,Téra,NE,14.0078,0.7531,84.99,29,4,5.91,clear sky
577,Nome,US,64.5011,-165.4064,42.8,52,1,8.05,clear sky
578,Zhigansk,RU,66.7697,123.3711,25.54,79,100,3.53,overcast clouds
579,Port Lincoln,AU,-34.7333,135.8667,64.0,58,76,11.68,broken clouds
580,Davila,PH,18.4726,120.5763,84.2,70,20,6.91,few clouds
581,Biri,PH,12.6833,124.3636,83.82,75,88,14.54,overcast clouds
582,Chulym,RU,55.0997,80.9572,41.18,52,15,11.48,few clouds
583,Eureka,US,40.8021,-124.1637,50.0,85,12,1.01,few clouds
584,Jhajjar,IN,28.6063,76.6565,77.0,50,75,11.5,moderate rain
585,Langerwehe,DE,50.8167,6.35,34.0,91,5,0.94,clear sky
586,Okha,RU,53.5739,142.9478,33.87,87,100,13.4,overcast clouds
587,Ukiah,US,39.1502,-123.2078,62.6,39,1,5.75,clear sky
588,San Juan,AR,-31.5375,-68.5364,60.73,56,10,7.34,clear sky
589,Khovu-Aksy,RU,51.1333,93.6,27.59,76,100,6.49,light snow
590,Putina,PE,-15.4667,-69.4333,41.25,82,84,1.5,broken clouds
591,Katiola,CI,8.1333,-5.1,73.4,88,40,4.61,scattered clouds
592,Lincoln,US,40.8,-96.667,48.2,46,40,14.97,scattered clouds
593,Waitakere,NZ,-36.9175,174.6577,68.0,77,90,8.05,overcast clouds
594,Beisfjord,NO,68.3751,17.5988,26.6,93,75,3.44,broken clouds
595,Nuevo Progreso,MX,23.1667,-97.95,75.0,82,97,4.41,overcast clouds
596,Vardø,NO,70.3705,31.1107,33.8,80,75,6.91,broken clouds
597,Aragarças,BR,-15.8975,-52.2508,66.02,66,13,0.92,few clouds
598,Crato,BR,-7.2342,-39.4094,75.2,94,40,4.61,scattered clouds
599,Shache,CN,38.4167,77.2406,64.4,7,0,15.3,clear sky
600,Horasan,TR,40.0458,42.1728,47.71,64,13,1.05,few clouds
601,Mareeba,AU,-17.0,145.4333,82.99,78,90,11.5,light rain
602,Villa María,AR,-32.4075,-63.2402,61.0,98,100,3.49,overcast clouds
603,Kyabram,AU,-36.3167,145.05,64.0,53,26,12.3,scattered clouds
604,Cape Coast,GH,5.1053,-1.2466,80.82,87,34,7.27,scattered clouds
605,Zhangjiakou,CN,40.81,114.8794,72.57,31,6,8.19,clear sky
606,Chistogorskiy,RU,53.9835,87.3843,41.14,45,20,6.93,few clouds
607,São João da Barra,BR,-21.6403,-41.0511,66.72,89,0,9.04,clear sky
608,Bambuí,BR,-20.0064,-45.9769,59.22,73,0,3.85,clear sky
609,Port Moresby,PG,-9.4431,147.1797,87.8,70,40,17.27,moderate rain
610,Keti Bandar,PK,24.1447,67.4497,86.32,64,0,19.73,clear sky
611,Nova Olinda do Norte,BR,-3.8881,-59.0942,74.66,97,100,1.95,light rain
612,Arrondissement de Bastia,FR,42.6667,9.3333,54.0,87,0,4.61,clear sky
613,Darłowo,PL,54.421,16.4107,42.01,100,81,12.03,broken clouds
614,Ruteng,ID,-8.6136,120.4721,74.62,58,14,0.56,few clouds
615,Sturgis,US,41.7992,-85.4192,41.0,60,1,4.61,clear sky
616,Buraidah,SA,26.326,43.975,73.4,25,20,7.02,few clouds
617,Airai,TL,-8.9266,125.4092,75.02,52,37,2.73,scattered clouds
618,Finnsnes,NO,69.2296,17.9811,23.0,93,75,2.3,light snow
619,Itupiranga,BR,-5.1347,-49.3267,72.88,97,100,2.66,overcast clouds
620,Shumskiy,RU,54.8318,99.1328,39.67,44,93,6.98,overcast clouds
621,Bowmore,US,34.9421,-79.3031,42.8,70,1,6.17,clear sky
622,Salto del Guairá,PY,-24.0625,-54.3069,64.71,68,47,7.45,scattered clouds
623,Kharp,RU,66.8014,65.8081,34.81,100,100,2.91,overcast clouds
624,Lázaro Cárdenas,MX,17.9583,-102.2,75.15,61,100,1.86,overcast clouds
625,Kadarkút,HU,46.2362,17.6201,41.0,60,44,3.44,scattered clouds
626,Demidov,RU,55.2706,31.515,42.31,76,100,6.38,overcast clouds
627,Ipixuna,BR,-1.7625,-48.8043,73.4,94,75,2.3,broken clouds
628,Kodīnar,IN,20.7903,70.7031,88.68,46,91,11.12,overcast clouds
629,Zaozyornoye,UA,45.1582,33.2787,55.99,50,84,13.8,broken clouds
630,Catuday,PH,16.2923,119.8062,80.98,68,50,15.48,scattered clouds
631,Coromandel,BR,-18.4733,-47.2003,58.19,60,0,3.15,clear sky
632,Koygorodok,RU,60.445,50.9968,44.87,73,66,7.56,broken clouds
633,Toora-Khem,RU,52.4675,96.11,36.25,36,100,4.0,overcast clouds
634,Namatanai,PG,-3.6667,152.4333,77.67,89,86,8.08,moderate rain
635,Ciudad de Armería,MX,18.9333,-103.9667,71.38,68,94,3.38,overcast clouds
636,Nioki,CD,-2.7167,17.6833,71.1,96,100,1.95,light rain
637,Watertown,US,42.3709,-71.1828,39.0,48,1,11.5,clear sky
638,Sakété,BJ,6.7362,2.6587,80.6,94,75,5.75,light rain
639,Saint-Pierre,RE,-21.3393,55.4781,78.8,73,20,11.5,light rain
640,Bom Jesus,BR,-9.0744,-44.3586,72.16,88,82,1.86,broken clouds
641,Delhi,IN,28.6667,77.2167,77.0,50,75,11.5,broken clouds
642,Nanchang,CN,28.6833,115.8833,76.78,64,65,7.67,broken clouds
643,Harwich,GB,51.9419,1.2844,39.99,93,6,2.3,haze
644,Coahuayana Viejo,MX,18.7333,-103.6833,70.7,63,97,3.04,overcast clouds
645,Richards Bay,ZA,-28.783,32.0377,65.84,88,85,11.34,light rain
646,Mayskiy,RU,47.6931,40.1025,51.8,82,0,6.71,clear sky
647,Goiatuba,BR,-18.0125,-49.3547,61.09,54,0,2.59,clear sky
648,Kholm,RU,59.2667,32.85,40.93,90,97,6.2,moderate rain
649,Sola,VU,-13.8833,167.55,83.53,74,100,14.79,overcast clouds
650,Sakakah,SA,29.9697,40.2064,75.2,15,20,5.75,few clouds
651,Dingle,PH,10.9995,122.6711,91.22,51,100,14.7,light rain
652,Kerrobert,CA,51.9168,-109.1348,21.2,45,1,6.91,clear sky
653,Cervo,ES,43.6702,-7.4101,41.0,100,69,6.64,broken clouds
654,Guarujá,BR,-23.9931,-46.2564,68.0,26,59,9.37,broken clouds
655,Buchanan,LR,5.8808,-10.0467,73.4,94,75,4.56,broken clouds
656,Buin,CL,-33.7333,-70.75,55.99,93,90,10.36,overcast clouds
657,Miramar,US,25.9873,-80.2323,75.99,69,90,12.66,overcast clouds
658,Padang,ID,-0.9492,100.3543,86.0,66,40,5.75,scattered clouds
659,Havelock,US,34.8791,-76.9013,44.6,75,1,4.9,clear sky
660,Koumac,NC,-20.5667,164.2833,78.89,80,99,9.24,overcast clouds
661,Trairi,BR,-3.2778,-39.2689,74.07,94,28,4.23,scattered clouds
662,Hearst,CA,49.6835,-83.6665,35.6,64,43,6.91,scattered clouds
663,Skibbereen,IE,51.55,-9.2667,44.6,87,20,13.8,few clouds
664,Ankang,CN,32.68,109.0172,60.53,95,100,3.58,light rain
665,Bambanglipuro,ID,-7.95,110.2833,85.17,61,23,10.04,few clouds
666,Kupang,ID,-10.1667,123.5833,84.25,64,5,5.64,clear sky
667,Malakal,SS,9.5334,31.6605,81.86,52,37,5.44,scattered clouds
668,Togur,RU,58.3631,82.8265,37.31,65,7,1.48,clear sky
669,Saint-François,FR,46.4154,3.9054,37.0,87,0,2.3,clear sky
670,Qujing,CN,25.4833,103.7833,83.53,21,44,19.98,scattered clouds
671,Charleston,US,32.7766,-79.9309,48.2,87,1,5.12,clear sky
672,Muravlenko,RU,63.7898,74.523,33.35,90,69,19.98,broken clouds
673,Liverpool,GB,53.4106,-2.9779,42.01,75,5,8.05,clear sky
674,Indianola,US,41.3581,-93.5574,50.0,40,90,12.66,overcast clouds
675,Abapó,BO,-18.8333,-63.4667,63.93,96,86,0.87,overcast clouds
676,Semey,KZ,50.4111,80.2275,42.8,22,0,22.37,clear sky
677,Chapada dos Guimarães,BR,-15.4606,-55.7497,73.4,78,0,5.75,clear sky
678,Āsosa,ET,10.0667,34.5333,70.75,61,61,1.41,broken clouds
679,Yar-Sale,RU,66.8333,70.8333,34.57,96,83,16.4,broken clouds
